[
{
    "model": "hudba.origin",
    "pk": 1,
    "fields": {
        "city": "Umea",
        "country": "Sweden"
    }
},
{
    "model": "hudba.origin",
    "pk": 2,
    "fields": {
        "city": "Minneapolis",
        "country": "USA"
    }
},
{
    "model": "hudba.origin",
    "pk": 3,
    "fields": {
        "city": "Westfield",
        "country": "USA"
    }
},
{
    "model": "hudba.origin",
    "pk": 4,
    "fields": {
        "city": "Ondres",
        "country": "France"
    }
},
{
    "model": "hudba.origin",
    "pk": 5,
    "fields": {
        "city": "Los Angeles",
        "country": "USA"
    }
},
{
    "model": "hudba.role",
    "pk": 1,
    "fields": {
        "name": "vocals"
    }
},
{
    "model": "hudba.role",
    "pk": 2,
    "fields": {
        "name": "guitar"
    }
},
{
    "model": "hudba.role",
    "pk": 3,
    "fields": {
        "name": "drums"
    }
},
{
    "model": "hudba.role",
    "pk": 4,
    "fields": {
        "name": "bass"
    }
},
{
    "model": "hudba.role",
    "pk": 5,
    "fields": {
        "name": "backing vocals"
    }
},
{
    "model": "hudba.members",
    "pk": 1,
    "fields": {
        "name": "Jens",
        "surname": "Kidman",
        "role": [
            1
        ]
    }
},
{
    "model": "hudba.members",
    "pk": 2,
    "fields": {
        "name": "Fredrik",
        "surname": "Thordendal",
        "role": [
            2
        ]
    }
},
{
    "model": "hudba.members",
    "pk": 3,
    "fields": {
        "name": "Marten",
        "surname": "Hagstrom",
        "role": [
            2
        ]
    }
},
{
    "model": "hudba.members",
    "pk": 4,
    "fields": {
        "name": "Tomas",
        "surname": "Haake",
        "role": [
            3
        ]
    }
},
{
    "model": "hudba.members",
    "pk": 5,
    "fields": {
        "name": "Dick",
        "surname": "Lovgren",
        "role": [
            4
        ]
    }
},
{
    "model": "hudba.members",
    "pk": 6,
    "fields": {
        "name": "Trent",
        "surname": "Hafdahl",
        "role": [
            2,
            5
        ]
    }
},
{
    "model": "hudba.members",
    "pk": 7,
    "fields": {
        "name": "Anthony",
        "surname": "Notarmaso",
        "role": [
            1
        ]
    }
},
{
    "model": "hudba.members",
    "pk": 8,
    "fields": {
        "name": "Dan",
        "surname": "Carle",
        "role": [
            3
        ]
    }
},
{
    "model": "hudba.members",
    "pk": 9,
    "fields": {
        "name": "Adrian",
        "surname": "Oropeza",
        "role": [
            4
        ]
    }
},
{
    "model": "hudba.members",
    "pk": 10,
    "fields": {
        "name": "Jesse",
        "surname": "Leach",
        "role": [
            1
        ]
    }
},
{
    "model": "hudba.members",
    "pk": 11,
    "fields": {
        "name": "Adam",
        "surname": "Dutkiewicz",
        "role": [
            2
        ]
    }
},
{
    "model": "hudba.members",
    "pk": 12,
    "fields": {
        "name": "Joel",
        "surname": "Stroetzel",
        "role": [
            2
        ]
    }
},
{
    "model": "hudba.members",
    "pk": 13,
    "fields": {
        "name": "Mike",
        "surname": "D'Antonio",
        "role": [
            4
        ]
    }
},
{
    "model": "hudba.members",
    "pk": 14,
    "fields": {
        "name": "Justin",
        "surname": "Foley",
        "role": [
            3
        ]
    }
},
{
    "model": "hudba.members",
    "pk": 15,
    "fields": {
        "name": "Joe",
        "surname": "Duplantier",
        "role": [
            1,
            2
        ]
    }
},
{
    "model": "hudba.members",
    "pk": 16,
    "fields": {
        "name": "Mario",
        "surname": "Duplantier",
        "role": [
            3
        ]
    }
},
{
    "model": "hudba.members",
    "pk": 17,
    "fields": {
        "name": "Christian",
        "surname": "Andreu",
        "role": [
            2
        ]
    }
},
{
    "model": "hudba.members",
    "pk": 18,
    "fields": {
        "name": "Jean-Michel",
        "surname": "Labadie",
        "role": [
            4
        ]
    }
},
{
    "model": "hudba.members",
    "pk": 19,
    "fields": {
        "name": "Maynard James",
        "surname": "Keenan",
        "role": [
            1
        ]
    }
},
{
    "model": "hudba.members",
    "pk": 20,
    "fields": {
        "name": "Adam",
        "surname": "Jones",
        "role": [
            2
        ]
    }
},
{
    "model": "hudba.members",
    "pk": 21,
    "fields": {
        "name": "Danny",
        "surname": "Carey",
        "role": [
            3
        ]
    }
},
{
    "model": "hudba.members",
    "pk": 22,
    "fields": {
        "name": "Justin",
        "surname": "Chancellor",
        "role": [
            4
        ]
    }
},
{
    "model": "hudba.label",
    "pk": 1,
    "fields": {
        "name": "Nuclear Blast"
    }
},
{
    "model": "hudba.label",
    "pk": 2,
    "fields": {
        "name": "Fractured Transmitter"
    }
},
{
    "model": "hudba.label",
    "pk": 3,
    "fields": {
        "name": "Atomic Fire"
    }
},
{
    "model": "hudba.label",
    "pk": 4,
    "fields": {
        "name": "Sumerian"
    }
},
{
    "model": "hudba.label",
    "pk": 5,
    "fields": {
        "name": "Roadrunner"
    }
},
{
    "model": "hudba.label",
    "pk": 6,
    "fields": {
        "name": "Columbia"
    }
},
{
    "model": "hudba.label",
    "pk": 7,
    "fields": {
        "name": "Sony"
    }
},
{
    "model": "hudba.label",
    "pk": 8,
    "fields": {
        "name": "RCA"
    }
},
{
    "model": "hudba.label",
    "pk": 9,
    "fields": {
        "name": "Zoo"
    }
},
{
    "model": "hudba.label",
    "pk": 10,
    "fields": {
        "name": "Tool Dissectional"
    }
},
{
    "model": "hudba.genre",
    "pk": 1,
    "fields": {
        "name": "djent"
    }
},
{
    "model": "hudba.genre",
    "pk": 2,
    "fields": {
        "name": "extreme metal"
    }
},
{
    "model": "hudba.genre",
    "pk": 3,
    "fields": {
        "name": "metalcore"
    }
},
{
    "model": "hudba.genre",
    "pk": 4,
    "fields": {
        "name": "technical death metal"
    }
},
{
    "model": "hudba.genre",
    "pk": 5,
    "fields": {
        "name": "alternative metal"
    }
},
{
    "model": "hudba.genre",
    "pk": 6,
    "fields": {
        "name": "progressive rock"
    }
},
{
    "model": "hudba.artist",
    "pk": 1,
    "fields": {
        "name": "Meshuggah",
        "origin": 1,
        "about": "Lorem Ipsum nevim vole",
        "year_begin": "1987-05-17",
        "year_end": null,
        "genre": [
            1,
            2
        ],
        "members": [
            1,
            2,
            3,
            4,
            5
        ],
        "labels": [
            1,
            2,
            3
        ]
    }
},
{
    "model": "hudba.artist",
    "pk": 2,
    "fields": {
        "name": "After the Burial",
        "origin": 2,
        "about": "After the Burial is an American progressive metal band from Minneapolis, Minnesota. They are currently signed to Sumerian Records and have released five of their six full-length albums through the label. Since their inception in 2004, the band has gone through two vocalist changes, two drummer changes, the departure and death of founding rhythm guitarist Justin Lowe,[1] and the departure of bassist Lerichard Foral. Lead guitarist Trent Hafdahl remains the sole remaining founding member. They are considered key contributors to the development of subgenres such as djent and progressive metalcore.",
        "year_begin": "2004-05-19",
        "year_end": null,
        "genre": [
            1,
            3
        ],
        "members": [
            6,
            7,
            8,
            9
        ],
        "labels": [
            4
        ]
    }
},
{
    "model": "hudba.artist",
    "pk": 3,
    "fields": {
        "name": "Killswitch Engage",
        "origin": 3,
        "about": "Killswitch Engage is an American metalcore band from Westfield, Massachusetts, formed in 1999 after the disbanding of Overcast and Aftershock. Killswitch Engage's current lineup consists of vocalist Jesse Leach, guitarists Joel Stroetzel and Adam Dutkiewicz, bassist Mike D'Antonio, and drummer Justin Foley. The band has released eight studio albums and two live performance albums. Their eighth studio album, Atonement, was released on August 16, 2019.",
        "year_begin": "1999-05-19",
        "year_end": null,
        "genre": [
            3
        ],
        "members": [
            10,
            11,
            12,
            13,
            14
        ],
        "labels": [
            5,
            6,
            7
        ]
    }
},
{
    "model": "hudba.artist",
    "pk": 4,
    "fields": {
        "name": "Gojira",
        "origin": 4,
        "about": "Gojira is a French heavy metal band from Ondres. Founded as Godzilla in 1996, the band's lineupŚbrothers Joe (lead vocals, rhythm guitar) and Mario Duplantier (drums), Christian Andreu (lead guitar), and Jean-Michel Labadie (bass)Śhas been the same since the band changed its name to Gojira in 2001. Gojira has been known for their progressive and technical death metal styles and their spiritual and environmentally-themed lyrics. The band has gone \"from the utmost obscurity during the first half of their career to widespread global recognition in the second\".",
        "year_begin": "1996-05-24",
        "year_end": null,
        "genre": [
            4
        ],
        "members": [
            15,
            16,
            17,
            18
        ],
        "labels": [
            5
        ]
    }
},
{
    "model": "hudba.artist",
    "pk": 5,
    "fields": {
        "name": "Tool",
        "origin": 5,
        "about": "Tool is an American rock band from Los Angeles. Formed in 1990, the group's line-up includes vocalist Maynard James Keenan, guitarist Adam Jones and drummer Danny Carey. Justin Chancellor has been the band's bassist since 1995, replacing their original bassist Paul D'Amour. Tool has won four Grammy Awards, performed worldwide tours, and produced albums topping the charts in several countries.",
        "year_begin": "1990-05-26",
        "year_end": null,
        "genre": [
            5,
            6
        ],
        "members": [
            19,
            20,
            21,
            22
        ],
        "labels": [
            8,
            9,
            10
        ]
    }
},
{
    "model": "hudba.album",
    "pk": 1,
    "fields": {
        "name": "Immutable",
        "artist": 1,
        "label": 3,
        "cover": "albums/Meshuggah.jpg",
        "about": "Immutable is the ninth album by Swedish progressive metal band Meshuggah. It was released on 1 April 2022 via Atomic Fire Records, making it the band's first studio album to not be released through Nuclear Blast.",
        "release_date": "2022-04-01",
        "length": "01:06:43",
        "rating": 79,
        "genre": [
            1,
            2
        ]
    }
},
{
    "model": "hudba.album",
    "pk": 2,
    "fields": {
        "name": "Rareform",
        "artist": 2,
        "label": 4,
        "cover": "albums/rareform.jpg",
        "about": "Rareform is the second studio album by American progressive metal band After the Burial. It was released on July 22, 2008 through Sumerian Records. On September 15, 2009, the band released a re-mixed and re-mastered version of Rareform with alternative artwork and bonus features. The vocals on the reissue were re-recorded with the band's current vocalist, Anthony Notormaso (in contrast to Grant Luoma, who performed lead vocals for the original version of Rareform). Contrary to popular belief, th",
        "release_date": "2008-07-22",
        "length": "00:35:31",
        "rating": null,
        "genre": [
            1,
            3
        ]
    }
},
{
    "model": "hudba.album",
    "pk": 3,
    "fields": {
        "name": "As Daylight Dies",
        "artist": 3,
        "label": 5,
        "cover": "albums/asdaylightdies.jpg",
        "about": "As Daylight Dies is the fourth studio album by American metalcore band Killswitch Engage. It was released on November 21, 2006 through Roadrunner Records. It was produced by Adam Dutkiewicz and Joel Stroetzel.",
        "release_date": "2006-11-21",
        "length": "00:43:39",
        "rating": null,
        "genre": [
            3
        ]
    }
},
{
    "model": "hudba.album",
    "pk": 4,
    "fields": {
        "name": "The Way Of All Flesh",
        "artist": 4,
        "label": 5,
        "cover": "albums/R-13966546-1643300660-1810.jpg",
        "about": "The Way of All Flesh is the fourth studio album by the French progressive metal/technical death metal band Gojira. The album was released on 13 October 2008 in Europe via Listenable Records and on 14 October in the US through Prosthetic Records. It sold around 4,200 copies in the United States in its first week of release to debut at number 138 on the Billboard 200 chart.[1] It also reached no. 1 on the Top Heatseekers chart and no. 21 on the Top Independent Albums chart.",
        "release_date": "2008-10-13",
        "length": "01:15:07",
        "rating": 66,
        "genre": [
            4
        ]
    }
},
{
    "model": "hudba.album",
    "pk": 5,
    "fields": {
        "name": "Fear Inoculum",
        "artist": 5,
        "label": 10,
        "cover": "albums/W5WBqBo.jpeg",
        "about": "Fear Inoculum is the fifth studio album by American rock band Tool. It was released on August 30, 2019, through Tool Dissectional, Volcano Entertainment, and RCA Records. It is the band's first album in 13 years, due to creative, personal, and legal issues band members encountered since the release of 10,000 Days. It was released to critical acclaim, with reviewers generally agreeing that the band had successfully refined their established sound.",
        "release_date": "2019-08-30",
        "length": "01:19:10",
        "rating": 80,
        "genre": [
            5,
            6
        ]
    }
},
{
    "model": "hudba.track",
    "pk": 1,
    "fields": {
        "name": "Broken Cog",
        "album": 1,
        "number": 1
    }
},
{
    "model": "hudba.track",
    "pk": 2,
    "fields": {
        "name": "The Abysmal Eye",
        "album": 1,
        "number": 2
    }
},
{
    "model": "hudba.track",
    "pk": 3,
    "fields": {
        "name": "Light The Shortening Fuse",
        "album": 1,
        "number": 3
    }
},
{
    "model": "hudba.track",
    "pk": 4,
    "fields": {
        "name": "Phantoms",
        "album": 1,
        "number": 4
    }
},
{
    "model": "hudba.track",
    "pk": 5,
    "fields": {
        "name": "Ligature Marks",
        "album": 1,
        "number": 5
    }
},
{
    "model": "hudba.track",
    "pk": 6,
    "fields": {
        "name": "God He Sees In Mirrors",
        "album": 1,
        "number": 6
    }
},
{
    "model": "hudba.track",
    "pk": 7,
    "fields": {
        "name": "They Move Below",
        "album": 1,
        "number": 7
    }
},
{
    "model": "hudba.track",
    "pk": 8,
    "fields": {
        "name": "Kaleidoscope",
        "album": 1,
        "number": 8
    }
},
{
    "model": "hudba.track",
    "pk": 9,
    "fields": {
        "name": "Black Cathedral",
        "album": 1,
        "number": 9
    }
},
{
    "model": "hudba.track",
    "pk": 10,
    "fields": {
        "name": "I Am That Thirst",
        "album": 1,
        "number": 10
    }
},
{
    "model": "hudba.track",
    "pk": 11,
    "fields": {
        "name": "Daylight Dies",
        "album": 3,
        "number": 1
    }
},
{
    "model": "hudba.track",
    "pk": 12,
    "fields": {
        "name": "This Is Absolution",
        "album": 3,
        "number": 2
    }
},
{
    "model": "hudba.track",
    "pk": 13,
    "fields": {
        "name": "The Arms of Sorrow",
        "album": 3,
        "number": 3
    }
},
{
    "model": "hudba.track",
    "pk": 14,
    "fields": {
        "name": "Unbroken",
        "album": 3,
        "number": 4
    }
},
{
    "model": "hudba.track",
    "pk": 15,
    "fields": {
        "name": "My Curse",
        "album": 3,
        "number": 5
    }
},
{
    "model": "hudba.track",
    "pk": 16,
    "fields": {
        "name": "For You",
        "album": 3,
        "number": 6
    }
},
{
    "model": "hudba.track",
    "pk": 17,
    "fields": {
        "name": "Still Beats Your Name",
        "album": 3,
        "number": 7
    }
},
{
    "model": "hudba.track",
    "pk": 18,
    "fields": {
        "name": "Eye of the Storm",
        "album": 3,
        "number": 7
    }
},
{
    "model": "hudba.track",
    "pk": 19,
    "fields": {
        "name": "Break the Silence",
        "album": 3,
        "number": 9
    }
},
{
    "model": "hudba.track",
    "pk": 20,
    "fields": {
        "name": "Desperate Times",
        "album": 3,
        "number": 10
    }
},
{
    "model": "hudba.track",
    "pk": 21,
    "fields": {
        "name": "Reject Yourself",
        "album": 3,
        "number": 11
    }
},
{
    "model": "hudba.track",
    "pk": 22,
    "fields": {
        "name": "Oroborus",
        "album": 4,
        "number": 1
    }
},
{
    "model": "hudba.track",
    "pk": 23,
    "fields": {
        "name": "Toxic Garbage Island",
        "album": 4,
        "number": 2
    }
},
{
    "model": "hudba.track",
    "pk": 24,
    "fields": {
        "name": "A Sight to Behold",
        "album": 4,
        "number": 3
    }
},
{
    "model": "hudba.track",
    "pk": 25,
    "fields": {
        "name": "Yama's Messengers",
        "album": 4,
        "number": 4
    }
},
{
    "model": "hudba.track",
    "pk": 26,
    "fields": {
        "name": "The Silver Cord",
        "album": 4,
        "number": 5
    }
},
{
    "model": "hudba.track",
    "pk": 27,
    "fields": {
        "name": "All the Tears",
        "album": 4,
        "number": 6
    }
},
{
    "model": "hudba.track",
    "pk": 28,
    "fields": {
        "name": "Adoration for None",
        "album": 4,
        "number": 7
    }
},
{
    "model": "hudba.track",
    "pk": 29,
    "fields": {
        "name": "The Art of Dying",
        "album": 4,
        "number": 8
    }
},
{
    "model": "hudba.track",
    "pk": 30,
    "fields": {
        "name": "Esoteric Surgery",
        "album": 4,
        "number": 9
    }
},
{
    "model": "hudba.track",
    "pk": 31,
    "fields": {
        "name": "Vacuity",
        "album": 4,
        "number": 10
    }
},
{
    "model": "hudba.track",
    "pk": 32,
    "fields": {
        "name": "Wolf Down the Earth",
        "album": 4,
        "number": 11
    }
},
{
    "model": "hudba.track",
    "pk": 33,
    "fields": {
        "name": "The Way of All Flesh",
        "album": 4,
        "number": 12
    }
},
{
    "model": "hudba.track",
    "pk": 34,
    "fields": {
        "name": "Fear Inoculum",
        "album": 5,
        "number": 1
    }
},
{
    "model": "hudba.track",
    "pk": 35,
    "fields": {
        "name": "Pneuma",
        "album": 5,
        "number": 2
    }
},
{
    "model": "hudba.track",
    "pk": 36,
    "fields": {
        "name": "Invincible",
        "album": 5,
        "number": 3
    }
},
{
    "model": "hudba.track",
    "pk": 37,
    "fields": {
        "name": "Descending",
        "album": 5,
        "number": 4
    }
},
{
    "model": "hudba.track",
    "pk": 38,
    "fields": {
        "name": "Culling Voices",
        "album": 5,
        "number": 5
    }
},
{
    "model": "hudba.track",
    "pk": 39,
    "fields": {
        "name": "Chocolate Chip Trip",
        "album": 5,
        "number": 6
    }
},
{
    "model": "hudba.track",
    "pk": 40,
    "fields": {
        "name": "7empest",
        "album": 5,
        "number": 7
    }
},
{
    "model": "hudba.track",
    "pk": 41,
    "fields": {
        "name": "Berzerker",
        "album": 2,
        "number": 1
    }
},
{
    "model": "hudba.track",
    "pk": 42,
    "fields": {
        "name": "Drifts",
        "album": 2,
        "number": 2
    }
},
{
    "model": "hudba.track",
    "pk": 43,
    "fields": {
        "name": "Cursing Akhenaten",
        "album": 2,
        "number": 3
    }
},
{
    "model": "hudba.track",
    "pk": 44,
    "fields": {
        "name": "Rareform",
        "album": 2,
        "number": 4
    }
},
{
    "model": "hudba.track",
    "pk": 45,
    "fields": {
        "name": "Aspiration",
        "album": 2,
        "number": 5
    }
},
{
    "model": "hudba.track",
    "pk": 46,
    "fields": {
        "name": "The Fractal Effect",
        "album": 2,
        "number": 6
    }
},
{
    "model": "hudba.track",
    "pk": 47,
    "fields": {
        "name": "Ometh",
        "album": 2,
        "number": 7
    }
},
{
    "model": "hudba.track",
    "pk": 48,
    "fields": {
        "name": "A Vicious Reforming of Features",
        "album": 2,
        "number": 8
    }
},
{
    "model": "hudba.image",
    "pk": 1,
    "fields": {
        "name": "Immutable",
        "artist": 1,
        "image": "media/Meshuggah_73LjLNs.jpg"
    }
},
{
    "model": "hudba.review",
    "pk": 127,
    "fields": {
        "reviewer": "PopMatters",
        "rating": 80,
        "text": "Achieving that key balance between accessibility and bravely forward-thinking is far from easy in extreme metal, but The Way of All Flesh pulls it off with aplomb.",
        "reviewed": 4
    }
},
{
    "model": "hudba.review",
    "pk": 128,
    "fields": {
        "reviewer": "Prefix Magazine",
        "rating": 80,
        "text": "Nobody sounds quite like them, though, and few metal bands balance spiritual and metallic consciousness so well.",
        "reviewed": 4
    }
},
{
    "model": "hudba.review",
    "pk": 129,
    "fields": {
        "reviewer": "Alternative Press",
        "rating": 70,
        "text": "The vocals occasionally become rhythmic and robotic, as if filtered through a demonic Vocoder, but there's no denying this album's rich humanity. [Nov 2008, p.158]",
        "reviewed": 4
    }
},
{
    "model": "hudba.review",
    "pk": 130,
    "fields": {
        "reviewer": "Pitchfork",
        "rating": 60,
        "text": "Unfortunately, this humanity doesn't translate to the music. The performances are flawless, but overly so.",
        "reviewed": 4
    }
},
{
    "model": "hudba.review",
    "pk": 131,
    "fields": {
        "reviewer": "NOW Magazine",
        "rating": 60,
        "text": "Excellent lyrics canĺt save the record from the unnecessary length of some songs; Flesh sacrifices some of its immediacy and impact in tracks that can drift away from the point.",
        "reviewed": 4
    }
},
{
    "model": "hudba.review",
    "pk": 132,
    "fields": {
        "reviewer": "Spin",
        "rating": 60,
        "text": "Like the good postmodern thrashers they are, Gojira blend blast beats ('Adoration for None'), sludge stomp ('Yama's Messengers'), and death-and-doom riff spirals (take your pick) with unexpected quirks, like the solid minute of stick taps that open 'The Art of Dying' and the math rock of 'Toxic Garbage Island.'",
        "reviewed": 4
    }
},
{
    "model": "hudba.review",
    "pk": 133,
    "fields": {
        "reviewer": "Austin Chronicle",
        "rating": 50,
        "text": "Tight and heavy and not terribly fast, The Way of All Flesh recalls Cathedral or Entombed in its groovier moments, but, more often, the chromatic, midtempo riffs and heavily syncopated drumming echo Mastodon.",
        "reviewed": 4
    }
},
{
    "model": "hudba.review",
    "pk": 134,
    "fields": {
        "reviewer": "Kerrang!",
        "rating": 80,
        "text": "It really is impossible to pick fault with the record, every track playing its part, and further cementing their legend.",
        "reviewed": 1
    }
},
{
    "model": "hudba.review",
    "pk": 135,
    "fields": {
        "reviewer": "The Wire",
        "rating": 80,
        "text": "The precision and control and grand guignol gothery are all still in place ľ but thereĺs also surprise (check the startlingly clean and gorgeous nine minute odyssey of ôThey Move Belowö) and a palpable energy the band havenĺt shown in years. [May 2022, p.55]",
        "reviewed": 1
    }
},
{
    "model": "hudba.review",
    "pk": 136,
    "fields": {
        "reviewer": "Exclaim",
        "rating": 80,
        "text": "Meshuggah haven't returned to impress anyone but themselves. This is the music they like playing. It just happens to sound unlike anything else in metal. After 30-plus years in the game, Meshuggah have neither quelled their thirst for tectonic frenzy nor dried their well of dexterous musicality.",
        "reviewed": 1
    }
},
{
    "model": "hudba.review",
    "pk": 137,
    "fields": {
        "reviewer": "AllMusic",
        "rating": 80,
        "text": "Ultimately, Immutable delivers the very essence of Meshuggah. While comfortable in their collective skin, they continue expanding their reach by obliterating -- hell, nearly swallowing -- metal's genre boundaries in their long, relentless search for the undiscovered.",
        "reviewed": 1
    }
},
{
    "model": "hudba.review",
    "pk": 138,
    "fields": {
        "reviewer": "Sputnikmusic",
        "rating": 74,
        "text": "While it has highlights aplenty, they seem the kind of highlights that would fare better outside of the context of Listening To A Whole Album In 2022. ... As a start-to-finish experience, thereĺs a tendency for things to melt together as momentum flags, the sequencing grates, or you find yourself paying less than your most devout attention to the swiftly passing milieu.",
        "reviewed": 1
    }
},
{
    "model": "hudba.review",
    "pk": 139,
    "fields": {
        "reviewer": "Kerrang!",
        "rating": 100,
        "text": "This is the most intricate and densely-layered album Tool have yet made, but to use the word like \"complex\" to describe the counting-in-prime-numbers time signatures of Invincible or digital-only track Legion Inoculant would be lazy in the extreme. ... An album that pushes and challenges its creators and its audiences in new ways, the finer details of which will probably take another 13 years to fully unwrap and appreciate. [24 Aug 2019, p.53]",
        "reviewed": 5
    }
},
{
    "model": "hudba.review",
    "pk": 140,
    "fields": {
        "reviewer": "Consequence",
        "rating": 91,
        "text": "Fear Inoculum lives up to its daunting expectations with songs that showcase Tool in peak performance as musicians and compositional arrangers. For the diehard fan, thereĺs a lot to consume here. Likewise, the album offers little respite for the uninitiated; its accessibility comes in the form of its vastness and eerie psychedelia, not through hooks or common pop structures. This is deep prog-rock as only Tool can create it.",
        "reviewed": 5
    }
},
{
    "model": "hudba.review",
    "pk": 141,
    "fields": {
        "reviewer": "Sputnikmusic",
        "rating": 90,
        "text": "Keenan was accurate to say that Fear would require patience to ingest, being a massive, compelling piece of music that unfolds beautifully and balances Toolĺs unique style with plenty of rewarding new elements. Any fears that they would not live up to their past can be abated; Fear Inoculum is truly groundbreaking and one of the best albums of the decade.",
        "reviewed": 5
    }
},
{
    "model": "hudba.review",
    "pk": 142,
    "fields": {
        "reviewer": "Boston Globe",
        "rating": 80,
        "text": "An 80-minute prog-metal fever dream that proves the band is back and better than ever.",
        "reviewed": 5
    }
},
{
    "model": "hudba.review",
    "pk": 143,
    "fields": {
        "reviewer": "Paste Magazine",
        "rating": 75,
        "text": "Before you know it, 87 minutes have gone by and youĺre not quite sure what to make of it all, but youĺre ready to listen again. For that, Tool are to be commended. If nothing else, the band have given us an album that could very well keep us occupied until its next one arrives sometime around the year 2032.",
        "reviewed": 5
    }
},
{
    "model": "hudba.review",
    "pk": 144,
    "fields": {
        "reviewer": "Rolling Stone",
        "rating": 70,
        "text": "Fear Inoculum is a very good Tool record.",
        "reviewed": 5
    }
},
{
    "model": "hudba.review",
    "pk": 145,
    "fields": {
        "reviewer": "Pitchfork",
        "rating": 54,
        "text": "The hybridization that made Tool so popular on the radio in the late ĺ90s has rusted: They are part stoner metal, part prog rock, part mainstream metal, all working in ignorance and opposition to each other. Things do come together a few times. The 15-minute closer ô7empestö brings the biggest fireworks from Carey and Jones, the two undoubted stars of the album, adding alluring melody and texture to these bloated epics. But the highlight far and away is ôInvincible.ö",
        "reviewed": 5
    }
},
{
    "model": "auth.user",
    "pk": 1,
    "fields": {
        "password": "pbkdf2_sha256$320000$RDJ6ZTh1VlDaShBA6SZZOO$stfQFrghVBckRf8HDs5c88IgkVTRKwj9rO1lUm2fWXY=",
        "last_login": "2022-05-26T08:18:25.762Z",
        "is_superuser": true,
        "username": "admin",
        "first_name": "",
        "last_name": "",
        "email": "",
        "is_staff": true,
        "is_active": true,
        "date_joined": "2022-05-17T08:38:39.055Z",
        "groups": [],
        "user_permissions": []
    }
},
{
    "model": "sessions.session",
    "pk": "0nopjgzam6ym3p08gxd74ekzcfp4aym2",
    "fields": {
        "session_data": ".eJxVjEEOwiAQRe_C2pAZWii4dO8ZyACDVA1NSrsy3l1JutDte-__l_C0b8XvjVc_J3EWKE6_LFB8cO0i3aneFhmXuq1zkD2Rh23yuiR-Xo7276BQK31tcMrKskvDpBNGpdDCyGS0sxGB4AudA6tBI2AeANlkrShG1iNjEO8PvPw2_w:1nu8hN:CswMzc37RgjtAhp7iz9PPPUWB2Cxfg39_slXVvxlB80",
        "expire_date": "2022-06-09T08:18:25.775Z"
    }
},
{
    "model": "sessions.session",
    "pk": "11lhjuzc5oz809v45u967e2akwsptjxl",
    "fields": {
        "session_data": ".eJxVjEEOwiAQRe_C2pAZWii4dO8ZyACDVA1NSrsy3l1JutDte-__l_C0b8XvjVc_J3EWKE6_LFB8cO0i3aneFhmXuq1zkD2Rh23yuiR-Xo7276BQK31tcMrKskvDpBNGpdDCyGS0sxGB4AudA6tBI2AeANlkrShG1iNjEO8PvPw2_w:1nqsjK:MUEIt3_eakKb6ry2WjFk-6HKcnNhXYX1U4VP7-LjSvg",
        "expire_date": "2022-05-31T08:38:58.493Z"
    }
},
{
    "model": "sessions.session",
    "pk": "z7a2l67yr526dztrab1g1elwuqtqwl2r",
    "fields": {
        "session_data": ".eJxVjEEOwiAQRe_C2pAZWii4dO8ZyACDVA1NSrsy3l1JutDte-__l_C0b8XvjVc_J3EWKE6_LFB8cO0i3aneFhmXuq1zkD2Rh23yuiR-Xo7276BQK31tcMrKskvDpBNGpdDCyGS0sxGB4AudA6tBI2AeANlkrShG1iNjEO8PvPw2_w:1nt4K7:aCggiu3Uwg1aFVC_3EnBIpFiRN8jL4Vpmqbr7E5YLFA",
        "expire_date": "2022-06-06T09:25:59.742Z"
    }
},
{
    "model": "admin.logentry",
    "pk": 1,
    "fields": {
        "action_time": "2022-05-17T08:55:26.361Z",
        "user": [
            "admin"
        ],
        "content_type": [
            "hudba",
            "origin"
        ],
        "object_id": "1",
        "object_repr": "Umea, Sweden",
        "action_flag": 1,
        "change_message": "[{\"added\": {}}]"
    }
},
{
    "model": "admin.logentry",
    "pk": 2,
    "fields": {
        "action_time": "2022-05-17T08:55:36.114Z",
        "user": [
            "admin"
        ],
        "content_type": [
            "hudba",
            "genre"
        ],
        "object_id": "1",
        "object_repr": "djent",
        "action_flag": 1,
        "change_message": "[{\"added\": {}}]"
    }
},
{
    "model": "admin.logentry",
    "pk": 3,
    "fields": {
        "action_time": "2022-05-17T08:55:59.639Z",
        "user": [
            "admin"
        ],
        "content_type": [
            "hudba",
            "role"
        ],
        "object_id": "1",
        "object_repr": "Role object (1)",
        "action_flag": 1,
        "change_message": "[{\"added\": {}}]"
    }
},
{
    "model": "admin.logentry",
    "pk": 4,
    "fields": {
        "action_time": "2022-05-17T08:56:01.574Z",
        "user": [
            "admin"
        ],
        "content_type": [
            "hudba",
            "members"
        ],
        "object_id": "1",
        "object_repr": "Jens Kidman",
        "action_flag": 1,
        "change_message": "[{\"added\": {}}]"
    }
},
{
    "model": "admin.logentry",
    "pk": 5,
    "fields": {
        "action_time": "2022-05-17T08:56:17.992Z",
        "user": [
            "admin"
        ],
        "content_type": [
            "hudba",
            "role"
        ],
        "object_id": "2",
        "object_repr": "Role object (2)",
        "action_flag": 1,
        "change_message": "[{\"added\": {}}]"
    }
},
{
    "model": "admin.logentry",
    "pk": 6,
    "fields": {
        "action_time": "2022-05-17T08:56:55.031Z",
        "user": [
            "admin"
        ],
        "content_type": [
            "hudba",
            "members"
        ],
        "object_id": "2",
        "object_repr": "Fredrik Thordendal",
        "action_flag": 1,
        "change_message": "[{\"added\": {}}]"
    }
},
{
    "model": "admin.logentry",
    "pk": 7,
    "fields": {
        "action_time": "2022-05-17T08:57:43.891Z",
        "user": [
            "admin"
        ],
        "content_type": [
            "hudba",
            "genre"
        ],
        "object_id": "2",
        "object_repr": "extreme metal",
        "action_flag": 1,
        "change_message": "[{\"added\": {}}]"
    }
},
{
    "model": "admin.logentry",
    "pk": 8,
    "fields": {
        "action_time": "2022-05-17T08:58:49.194Z",
        "user": [
            "admin"
        ],
        "content_type": [
            "hudba",
            "members"
        ],
        "object_id": "3",
        "object_repr": "Marten Hagstrom",
        "action_flag": 1,
        "change_message": "[{\"added\": {}}]"
    }
},
{
    "model": "admin.logentry",
    "pk": 9,
    "fields": {
        "action_time": "2022-05-17T08:59:11.115Z",
        "user": [
            "admin"
        ],
        "content_type": [
            "hudba",
            "role"
        ],
        "object_id": "3",
        "object_repr": "drums",
        "action_flag": 1,
        "change_message": "[{\"added\": {}}]"
    }
},
{
    "model": "admin.logentry",
    "pk": 10,
    "fields": {
        "action_time": "2022-05-17T08:59:13.778Z",
        "user": [
            "admin"
        ],
        "content_type": [
            "hudba",
            "members"
        ],
        "object_id": "4",
        "object_repr": "Tomas Haake",
        "action_flag": 1,
        "change_message": "[{\"added\": {}}]"
    }
},
{
    "model": "admin.logentry",
    "pk": 11,
    "fields": {
        "action_time": "2022-05-17T08:59:29.473Z",
        "user": [
            "admin"
        ],
        "content_type": [
            "hudba",
            "role"
        ],
        "object_id": "4",
        "object_repr": "bass",
        "action_flag": 1,
        "change_message": "[{\"added\": {}}]"
    }
},
{
    "model": "admin.logentry",
    "pk": 12,
    "fields": {
        "action_time": "2022-05-17T08:59:31.307Z",
        "user": [
            "admin"
        ],
        "content_type": [
            "hudba",
            "members"
        ],
        "object_id": "5",
        "object_repr": "Dick Lovgren",
        "action_flag": 1,
        "change_message": "[{\"added\": {}}]"
    }
},
{
    "model": "admin.logentry",
    "pk": 13,
    "fields": {
        "action_time": "2022-05-17T08:59:55.990Z",
        "user": [
            "admin"
        ],
        "content_type": [
            "hudba",
            "label"
        ],
        "object_id": "1",
        "object_repr": "Nuclear Blast",
        "action_flag": 1,
        "change_message": "[{\"added\": {}}]"
    }
},
{
    "model": "admin.logentry",
    "pk": 14,
    "fields": {
        "action_time": "2022-05-17T09:00:15.875Z",
        "user": [
            "admin"
        ],
        "content_type": [
            "hudba",
            "label"
        ],
        "object_id": "2",
        "object_repr": "Fractured Transmitter",
        "action_flag": 1,
        "change_message": "[{\"added\": {}}]"
    }
},
{
    "model": "admin.logentry",
    "pk": 15,
    "fields": {
        "action_time": "2022-05-17T09:00:29.522Z",
        "user": [
            "admin"
        ],
        "content_type": [
            "hudba",
            "label"
        ],
        "object_id": "3",
        "object_repr": "Atomic Fire",
        "action_flag": 1,
        "change_message": "[{\"added\": {}}]"
    }
},
{
    "model": "admin.logentry",
    "pk": 16,
    "fields": {
        "action_time": "2022-05-17T09:02:42.813Z",
        "user": [
            "admin"
        ],
        "content_type": [
            "hudba",
            "artist"
        ],
        "object_id": "1",
        "object_repr": "Meshuggah",
        "action_flag": 1,
        "change_message": "[{\"added\": {}}]"
    }
},
{
    "model": "admin.logentry",
    "pk": 17,
    "fields": {
        "action_time": "2022-05-17T09:03:25.221Z",
        "user": [
            "admin"
        ],
        "content_type": [
            "hudba",
            "image"
        ],
        "object_id": "1",
        "object_repr": "Image object (1)",
        "action_flag": 1,
        "change_message": "[{\"added\": {}}]"
    }
},
{
    "model": "admin.logentry",
    "pk": 18,
    "fields": {
        "action_time": "2022-05-17T09:08:27.814Z",
        "user": [
            "admin"
        ],
        "content_type": [
            "hudba",
            "album"
        ],
        "object_id": "1",
        "object_repr": "Immutable",
        "action_flag": 1,
        "change_message": "[{\"added\": {}}]"
    }
},
{
    "model": "admin.logentry",
    "pk": 19,
    "fields": {
        "action_time": "2022-05-17T09:17:08.343Z",
        "user": [
            "admin"
        ],
        "content_type": [
            "hudba",
            "review"
        ],
        "object_id": "1",
        "object_repr": "Kerrang",
        "action_flag": 1,
        "change_message": "[{\"added\": {}}]"
    }
},
{
    "model": "admin.logentry",
    "pk": 20,
    "fields": {
        "action_time": "2022-05-19T10:57:57.409Z",
        "user": [
            "admin"
        ],
        "content_type": [
            "hudba",
            "album"
        ],
        "object_id": "1",
        "object_repr": "Immutable",
        "action_flag": 2,
        "change_message": "[]"
    }
},
{
    "model": "admin.logentry",
    "pk": 21,
    "fields": {
        "action_time": "2022-05-19T11:11:49.419Z",
        "user": [
            "admin"
        ],
        "content_type": [
            "hudba",
            "album"
        ],
        "object_id": "1",
        "object_repr": "Immutable",
        "action_flag": 2,
        "change_message": "[{\"changed\": {\"fields\": [\"About\"]}}]"
    }
},
{
    "model": "admin.logentry",
    "pk": 22,
    "fields": {
        "action_time": "2022-05-19T11:14:20.378Z",
        "user": [
            "admin"
        ],
        "content_type": [
            "hudba",
            "track"
        ],
        "object_id": "1",
        "object_repr": "Broken Cog",
        "action_flag": 1,
        "change_message": "[{\"added\": {}}]"
    }
},
{
    "model": "admin.logentry",
    "pk": 23,
    "fields": {
        "action_time": "2022-05-19T11:14:31.863Z",
        "user": [
            "admin"
        ],
        "content_type": [
            "hudba",
            "track"
        ],
        "object_id": "2",
        "object_repr": "The Abysmal Eye",
        "action_flag": 1,
        "change_message": "[{\"added\": {}}]"
    }
},
{
    "model": "admin.logentry",
    "pk": 24,
    "fields": {
        "action_time": "2022-05-19T11:14:41.117Z",
        "user": [
            "admin"
        ],
        "content_type": [
            "hudba",
            "track"
        ],
        "object_id": "3",
        "object_repr": "Light The Shortening Fuse",
        "action_flag": 1,
        "change_message": "[{\"added\": {}}]"
    }
},
{
    "model": "admin.logentry",
    "pk": 25,
    "fields": {
        "action_time": "2022-05-19T11:14:49.662Z",
        "user": [
            "admin"
        ],
        "content_type": [
            "hudba",
            "track"
        ],
        "object_id": "4",
        "object_repr": "Phantoms",
        "action_flag": 1,
        "change_message": "[{\"added\": {}}]"
    }
},
{
    "model": "admin.logentry",
    "pk": 26,
    "fields": {
        "action_time": "2022-05-19T11:14:57.636Z",
        "user": [
            "admin"
        ],
        "content_type": [
            "hudba",
            "track"
        ],
        "object_id": "5",
        "object_repr": "Ligature Marks",
        "action_flag": 1,
        "change_message": "[{\"added\": {}}]"
    }
},
{
    "model": "admin.logentry",
    "pk": 27,
    "fields": {
        "action_time": "2022-05-19T11:15:11.608Z",
        "user": [
            "admin"
        ],
        "content_type": [
            "hudba",
            "track"
        ],
        "object_id": "6",
        "object_repr": "God He Sees In Mirrors",
        "action_flag": 1,
        "change_message": "[{\"added\": {}}]"
    }
},
{
    "model": "admin.logentry",
    "pk": 28,
    "fields": {
        "action_time": "2022-05-19T11:15:23.775Z",
        "user": [
            "admin"
        ],
        "content_type": [
            "hudba",
            "track"
        ],
        "object_id": "7",
        "object_repr": "They Move Below",
        "action_flag": 1,
        "change_message": "[{\"added\": {}}]"
    }
},
{
    "model": "admin.logentry",
    "pk": 29,
    "fields": {
        "action_time": "2022-05-19T11:15:37.593Z",
        "user": [
            "admin"
        ],
        "content_type": [
            "hudba",
            "track"
        ],
        "object_id": "8",
        "object_repr": "Kaleidoscope",
        "action_flag": 1,
        "change_message": "[{\"added\": {}}]"
    }
},
{
    "model": "admin.logentry",
    "pk": 30,
    "fields": {
        "action_time": "2022-05-19T11:15:49.649Z",
        "user": [
            "admin"
        ],
        "content_type": [
            "hudba",
            "track"
        ],
        "object_id": "9",
        "object_repr": "Black Cathedral",
        "action_flag": 1,
        "change_message": "[{\"added\": {}}]"
    }
},
{
    "model": "admin.logentry",
    "pk": 31,
    "fields": {
        "action_time": "2022-05-19T11:15:58.606Z",
        "user": [
            "admin"
        ],
        "content_type": [
            "hudba",
            "track"
        ],
        "object_id": "10",
        "object_repr": "I Am That Thirst",
        "action_flag": 1,
        "change_message": "[{\"added\": {}}]"
    }
},
{
    "model": "admin.logentry",
    "pk": 32,
    "fields": {
        "action_time": "2022-05-19T11:16:58.433Z",
        "user": [
            "admin"
        ],
        "content_type": [
            "hudba",
            "genre"
        ],
        "object_id": "3",
        "object_repr": "metalcore",
        "action_flag": 1,
        "change_message": "[{\"added\": {}}]"
    }
},
{
    "model": "admin.logentry",
    "pk": 33,
    "fields": {
        "action_time": "2022-05-19T11:17:42.280Z",
        "user": [
            "admin"
        ],
        "content_type": [
            "hudba",
            "origin"
        ],
        "object_id": "2",
        "object_repr": "Minneapolis, USA",
        "action_flag": 1,
        "change_message": "[{\"added\": {}}]"
    }
},
{
    "model": "admin.logentry",
    "pk": 34,
    "fields": {
        "action_time": "2022-05-19T11:18:02.906Z",
        "user": [
            "admin"
        ],
        "content_type": [
            "hudba",
            "label"
        ],
        "object_id": "4",
        "object_repr": "Sumerian",
        "action_flag": 1,
        "change_message": "[{\"added\": {}}]"
    }
},
{
    "model": "admin.logentry",
    "pk": 35,
    "fields": {
        "action_time": "2022-05-19T11:19:26.908Z",
        "user": [
            "admin"
        ],
        "content_type": [
            "hudba",
            "role"
        ],
        "object_id": "5",
        "object_repr": "backing vocals",
        "action_flag": 1,
        "change_message": "[{\"added\": {}}]"
    }
},
{
    "model": "admin.logentry",
    "pk": 36,
    "fields": {
        "action_time": "2022-05-19T11:19:33.084Z",
        "user": [
            "admin"
        ],
        "content_type": [
            "hudba",
            "members"
        ],
        "object_id": "6",
        "object_repr": "Trent Hafdahl",
        "action_flag": 1,
        "change_message": "[{\"added\": {}}]"
    }
},
{
    "model": "admin.logentry",
    "pk": 37,
    "fields": {
        "action_time": "2022-05-19T11:19:54.483Z",
        "user": [
            "admin"
        ],
        "content_type": [
            "hudba",
            "members"
        ],
        "object_id": "7",
        "object_repr": "Anthony Notarmaso",
        "action_flag": 1,
        "change_message": "[{\"added\": {}}]"
    }
},
{
    "model": "admin.logentry",
    "pk": 38,
    "fields": {
        "action_time": "2022-05-19T11:20:02.883Z",
        "user": [
            "admin"
        ],
        "content_type": [
            "hudba",
            "members"
        ],
        "object_id": "8",
        "object_repr": "Dan Carle",
        "action_flag": 1,
        "change_message": "[{\"added\": {}}]"
    }
},
{
    "model": "admin.logentry",
    "pk": 39,
    "fields": {
        "action_time": "2022-05-19T11:20:16.628Z",
        "user": [
            "admin"
        ],
        "content_type": [
            "hudba",
            "members"
        ],
        "object_id": "9",
        "object_repr": "Adrian Oropeza",
        "action_flag": 1,
        "change_message": "[{\"added\": {}}]"
    }
},
{
    "model": "admin.logentry",
    "pk": 40,
    "fields": {
        "action_time": "2022-05-19T11:20:38.668Z",
        "user": [
            "admin"
        ],
        "content_type": [
            "hudba",
            "artist"
        ],
        "object_id": "2",
        "object_repr": "After the Burial",
        "action_flag": 1,
        "change_message": "[{\"added\": {}}]"
    }
},
{
    "model": "admin.logentry",
    "pk": 41,
    "fields": {
        "action_time": "2022-05-19T11:22:33.385Z",
        "user": [
            "admin"
        ],
        "content_type": [
            "hudba",
            "album"
        ],
        "object_id": "2",
        "object_repr": "Rareform",
        "action_flag": 1,
        "change_message": "[{\"added\": {}}]"
    }
},
{
    "model": "admin.logentry",
    "pk": 42,
    "fields": {
        "action_time": "2022-05-19T11:27:03.692Z",
        "user": [
            "admin"
        ],
        "content_type": [
            "hudba",
            "origin"
        ],
        "object_id": "3",
        "object_repr": "Westfield, USA",
        "action_flag": 1,
        "change_message": "[{\"added\": {}}]"
    }
},
{
    "model": "admin.logentry",
    "pk": 43,
    "fields": {
        "action_time": "2022-05-19T11:27:26.451Z",
        "user": [
            "admin"
        ],
        "content_type": [
            "hudba",
            "members"
        ],
        "object_id": "10",
        "object_repr": "Jesse Leach",
        "action_flag": 1,
        "change_message": "[{\"added\": {}}]"
    }
},
{
    "model": "admin.logentry",
    "pk": 44,
    "fields": {
        "action_time": "2022-05-19T11:27:39.963Z",
        "user": [
            "admin"
        ],
        "content_type": [
            "hudba",
            "members"
        ],
        "object_id": "11",
        "object_repr": "Adam Dutkiewicz",
        "action_flag": 1,
        "change_message": "[{\"added\": {}}]"
    }
},
{
    "model": "admin.logentry",
    "pk": 45,
    "fields": {
        "action_time": "2022-05-19T11:28:19.485Z",
        "user": [
            "admin"
        ],
        "content_type": [
            "hudba",
            "members"
        ],
        "object_id": "12",
        "object_repr": "Joel Stroetzel",
        "action_flag": 1,
        "change_message": "[{\"added\": {}}]"
    }
},
{
    "model": "admin.logentry",
    "pk": 46,
    "fields": {
        "action_time": "2022-05-19T11:28:36.883Z",
        "user": [
            "admin"
        ],
        "content_type": [
            "hudba",
            "members"
        ],
        "object_id": "13",
        "object_repr": "Mike D'Antonio",
        "action_flag": 1,
        "change_message": "[{\"added\": {}}]"
    }
},
{
    "model": "admin.logentry",
    "pk": 47,
    "fields": {
        "action_time": "2022-05-19T11:28:50.263Z",
        "user": [
            "admin"
        ],
        "content_type": [
            "hudba",
            "members"
        ],
        "object_id": "14",
        "object_repr": "Justin Foley",
        "action_flag": 1,
        "change_message": "[{\"added\": {}}]"
    }
},
{
    "model": "admin.logentry",
    "pk": 48,
    "fields": {
        "action_time": "2022-05-19T11:29:13.233Z",
        "user": [
            "admin"
        ],
        "content_type": [
            "hudba",
            "label"
        ],
        "object_id": "5",
        "object_repr": "Roadrunner",
        "action_flag": 1,
        "change_message": "[{\"added\": {}}]"
    }
},
{
    "model": "admin.logentry",
    "pk": 49,
    "fields": {
        "action_time": "2022-05-19T11:29:29.393Z",
        "user": [
            "admin"
        ],
        "content_type": [
            "hudba",
            "label"
        ],
        "object_id": "6",
        "object_repr": "Columbia",
        "action_flag": 1,
        "change_message": "[{\"added\": {}}]"
    }
},
{
    "model": "admin.logentry",
    "pk": 50,
    "fields": {
        "action_time": "2022-05-19T11:29:32.534Z",
        "user": [
            "admin"
        ],
        "content_type": [
            "hudba",
            "label"
        ],
        "object_id": "7",
        "object_repr": "Sony",
        "action_flag": 1,
        "change_message": "[{\"added\": {}}]"
    }
},
{
    "model": "admin.logentry",
    "pk": 51,
    "fields": {
        "action_time": "2022-05-19T11:29:45.015Z",
        "user": [
            "admin"
        ],
        "content_type": [
            "hudba",
            "artist"
        ],
        "object_id": "3",
        "object_repr": "Killswitch Engage",
        "action_flag": 1,
        "change_message": "[{\"added\": {}}]"
    }
},
{
    "model": "admin.logentry",
    "pk": 52,
    "fields": {
        "action_time": "2022-05-19T11:31:41.653Z",
        "user": [
            "admin"
        ],
        "content_type": [
            "hudba",
            "album"
        ],
        "object_id": "3",
        "object_repr": "As Daylight Dies",
        "action_flag": 1,
        "change_message": "[{\"added\": {}}]"
    }
},
{
    "model": "admin.logentry",
    "pk": 53,
    "fields": {
        "action_time": "2022-05-19T11:33:13.854Z",
        "user": [
            "admin"
        ],
        "content_type": [
            "hudba",
            "track"
        ],
        "object_id": "11",
        "object_repr": "Daylight Dies",
        "action_flag": 1,
        "change_message": "[{\"added\": {}}]"
    }
},
{
    "model": "admin.logentry",
    "pk": 54,
    "fields": {
        "action_time": "2022-05-19T11:33:25.208Z",
        "user": [
            "admin"
        ],
        "content_type": [
            "hudba",
            "track"
        ],
        "object_id": "12",
        "object_repr": "This Is Absolution",
        "action_flag": 1,
        "change_message": "[{\"added\": {}}]"
    }
},
{
    "model": "admin.logentry",
    "pk": 55,
    "fields": {
        "action_time": "2022-05-19T11:33:41.350Z",
        "user": [
            "admin"
        ],
        "content_type": [
            "hudba",
            "track"
        ],
        "object_id": "13",
        "object_repr": "The Arms of Sorrow",
        "action_flag": 1,
        "change_message": "[{\"added\": {}}]"
    }
},
{
    "model": "admin.logentry",
    "pk": 56,
    "fields": {
        "action_time": "2022-05-19T11:33:53.423Z",
        "user": [
            "admin"
        ],
        "content_type": [
            "hudba",
            "track"
        ],
        "object_id": "14",
        "object_repr": "Unbroken",
        "action_flag": 1,
        "change_message": "[{\"added\": {}}]"
    }
},
{
    "model": "admin.logentry",
    "pk": 57,
    "fields": {
        "action_time": "2022-05-19T11:34:23.710Z",
        "user": [
            "admin"
        ],
        "content_type": [
            "hudba",
            "track"
        ],
        "object_id": "15",
        "object_repr": "My Curse",
        "action_flag": 1,
        "change_message": "[{\"added\": {}}]"
    }
},
{
    "model": "admin.logentry",
    "pk": 58,
    "fields": {
        "action_time": "2022-05-19T11:34:31.858Z",
        "user": [
            "admin"
        ],
        "content_type": [
            "hudba",
            "track"
        ],
        "object_id": "16",
        "object_repr": "For You",
        "action_flag": 1,
        "change_message": "[{\"added\": {}}]"
    }
},
{
    "model": "admin.logentry",
    "pk": 59,
    "fields": {
        "action_time": "2022-05-19T11:34:44.917Z",
        "user": [
            "admin"
        ],
        "content_type": [
            "hudba",
            "track"
        ],
        "object_id": "17",
        "object_repr": "Still Beats Your Name",
        "action_flag": 1,
        "change_message": "[{\"added\": {}}]"
    }
},
{
    "model": "admin.logentry",
    "pk": 60,
    "fields": {
        "action_time": "2022-05-19T11:34:56.531Z",
        "user": [
            "admin"
        ],
        "content_type": [
            "hudba",
            "track"
        ],
        "object_id": "18",
        "object_repr": "Eye of the Storm",
        "action_flag": 1,
        "change_message": "[{\"added\": {}}]"
    }
},
{
    "model": "admin.logentry",
    "pk": 61,
    "fields": {
        "action_time": "2022-05-19T11:35:10.424Z",
        "user": [
            "admin"
        ],
        "content_type": [
            "hudba",
            "track"
        ],
        "object_id": "19",
        "object_repr": "Break the Silence",
        "action_flag": 1,
        "change_message": "[{\"added\": {}}]"
    }
},
{
    "model": "admin.logentry",
    "pk": 62,
    "fields": {
        "action_time": "2022-05-19T11:35:29.227Z",
        "user": [
            "admin"
        ],
        "content_type": [
            "hudba",
            "track"
        ],
        "object_id": "20",
        "object_repr": "Desperate Times",
        "action_flag": 1,
        "change_message": "[{\"added\": {}}]"
    }
},
{
    "model": "admin.logentry",
    "pk": 63,
    "fields": {
        "action_time": "2022-05-19T11:35:40.070Z",
        "user": [
            "admin"
        ],
        "content_type": [
            "hudba",
            "track"
        ],
        "object_id": "21",
        "object_repr": "Reject Yourself",
        "action_flag": 1,
        "change_message": "[{\"added\": {}}]"
    }
},
{
    "model": "admin.logentry",
    "pk": 64,
    "fields": {
        "action_time": "2022-05-20T09:36:23.308Z",
        "user": [
            "admin"
        ],
        "content_type": [
            "hudba",
            "album"
        ],
        "object_id": "2",
        "object_repr": "Rareform",
        "action_flag": 2,
        "change_message": "[{\"changed\": {\"fields\": [\"Cover\"]}}]"
    }
},
{
    "model": "admin.logentry",
    "pk": 65,
    "fields": {
        "action_time": "2022-05-20T09:50:11.213Z",
        "user": [
            "admin"
        ],
        "content_type": [
            "hudba",
            "album"
        ],
        "object_id": "2",
        "object_repr": "Rareform",
        "action_flag": 2,
        "change_message": "[]"
    }
},
{
    "model": "admin.logentry",
    "pk": 66,
    "fields": {
        "action_time": "2022-05-20T09:50:23.838Z",
        "user": [
            "admin"
        ],
        "content_type": [
            "hudba",
            "album"
        ],
        "object_id": "1",
        "object_repr": "Immutable",
        "action_flag": 2,
        "change_message": "[{\"changed\": {\"fields\": [\"Cover\"]}}]"
    }
},
{
    "model": "admin.logentry",
    "pk": 67,
    "fields": {
        "action_time": "2022-05-20T09:50:33.370Z",
        "user": [
            "admin"
        ],
        "content_type": [
            "hudba",
            "album"
        ],
        "object_id": "3",
        "object_repr": "As Daylight Dies",
        "action_flag": 2,
        "change_message": "[{\"changed\": {\"fields\": [\"Cover\"]}}]"
    }
},
{
    "model": "admin.logentry",
    "pk": 68,
    "fields": {
        "action_time": "2022-05-21T07:07:15.652Z",
        "user": [
            "admin"
        ],
        "content_type": [
            "hudba",
            "album"
        ],
        "object_id": "1",
        "object_repr": "Immutable",
        "action_flag": 2,
        "change_message": "[{\"changed\": {\"fields\": [\"Length\"]}}]"
    }
},
{
    "model": "admin.logentry",
    "pk": 69,
    "fields": {
        "action_time": "2022-05-21T07:07:53.446Z",
        "user": [
            "admin"
        ],
        "content_type": [
            "hudba",
            "album"
        ],
        "object_id": "2",
        "object_repr": "Rareform",
        "action_flag": 2,
        "change_message": "[{\"changed\": {\"fields\": [\"Length\"]}}]"
    }
},
{
    "model": "admin.logentry",
    "pk": 70,
    "fields": {
        "action_time": "2022-05-21T07:08:13.993Z",
        "user": [
            "admin"
        ],
        "content_type": [
            "hudba",
            "album"
        ],
        "object_id": "3",
        "object_repr": "As Daylight Dies",
        "action_flag": 2,
        "change_message": "[{\"changed\": {\"fields\": [\"Length\"]}}]"
    }
},
{
    "model": "admin.logentry",
    "pk": 71,
    "fields": {
        "action_time": "2022-05-23T09:26:29.043Z",
        "user": [
            "admin"
        ],
        "content_type": [
            "hudba",
            "review"
        ],
        "object_id": "1",
        "object_repr": "Kerrang",
        "action_flag": 2,
        "change_message": "[]"
    }
},
{
    "model": "admin.logentry",
    "pk": 72,
    "fields": {
        "action_time": "2022-05-24T06:52:12.177Z",
        "user": [
            "admin"
        ],
        "content_type": [
            "hudba",
            "origin"
        ],
        "object_id": "4",
        "object_repr": "Ondres, France",
        "action_flag": 1,
        "change_message": "[{\"added\": {}}]"
    }
},
{
    "model": "admin.logentry",
    "pk": 73,
    "fields": {
        "action_time": "2022-05-24T06:52:28.203Z",
        "user": [
            "admin"
        ],
        "content_type": [
            "hudba",
            "genre"
        ],
        "object_id": "4",
        "object_repr": "technical death metal",
        "action_flag": 1,
        "change_message": "[{\"added\": {}}]"
    }
},
{
    "model": "admin.logentry",
    "pk": 74,
    "fields": {
        "action_time": "2022-05-24T06:53:01.414Z",
        "user": [
            "admin"
        ],
        "content_type": [
            "hudba",
            "members"
        ],
        "object_id": "15",
        "object_repr": "Joe Duplantier",
        "action_flag": 1,
        "change_message": "[{\"added\": {}}]"
    }
},
{
    "model": "admin.logentry",
    "pk": 75,
    "fields": {
        "action_time": "2022-05-24T06:53:17.182Z",
        "user": [
            "admin"
        ],
        "content_type": [
            "hudba",
            "members"
        ],
        "object_id": "16",
        "object_repr": "Mario Duplantier",
        "action_flag": 1,
        "change_message": "[{\"added\": {}}]"
    }
},
{
    "model": "admin.logentry",
    "pk": 76,
    "fields": {
        "action_time": "2022-05-24T06:53:33.799Z",
        "user": [
            "admin"
        ],
        "content_type": [
            "hudba",
            "members"
        ],
        "object_id": "17",
        "object_repr": "Christian Andreu",
        "action_flag": 1,
        "change_message": "[{\"added\": {}}]"
    }
},
{
    "model": "admin.logentry",
    "pk": 77,
    "fields": {
        "action_time": "2022-05-24T06:53:54.031Z",
        "user": [
            "admin"
        ],
        "content_type": [
            "hudba",
            "members"
        ],
        "object_id": "18",
        "object_repr": "Jean-Michel Labadie",
        "action_flag": 1,
        "change_message": "[{\"added\": {}}]"
    }
},
{
    "model": "admin.logentry",
    "pk": 78,
    "fields": {
        "action_time": "2022-05-24T06:54:30.029Z",
        "user": [
            "admin"
        ],
        "content_type": [
            "hudba",
            "artist"
        ],
        "object_id": "4",
        "object_repr": "Gojira",
        "action_flag": 1,
        "change_message": "[{\"added\": {}}]"
    }
},
{
    "model": "admin.logentry",
    "pk": 79,
    "fields": {
        "action_time": "2022-05-24T06:55:41.085Z",
        "user": [
            "admin"
        ],
        "content_type": [
            "hudba",
            "album"
        ],
        "object_id": "4",
        "object_repr": "The Way Of All Flesh",
        "action_flag": 1,
        "change_message": "[{\"added\": {}}]"
    }
},
{
    "model": "admin.logentry",
    "pk": 80,
    "fields": {
        "action_time": "2022-05-24T06:55:45.869Z",
        "user": [
            "admin"
        ],
        "content_type": [
            "hudba",
            "album"
        ],
        "object_id": "4",
        "object_repr": "The Way Of All Flesh",
        "action_flag": 2,
        "change_message": "[{\"changed\": {\"fields\": [\"Genre\"]}}]"
    }
},
{
    "model": "admin.logentry",
    "pk": 81,
    "fields": {
        "action_time": "2022-05-24T07:00:09.874Z",
        "user": [
            "admin"
        ],
        "content_type": [
            "hudba",
            "track"
        ],
        "object_id": "22",
        "object_repr": "Oroborus",
        "action_flag": 1,
        "change_message": "[{\"added\": {}}]"
    }
},
{
    "model": "admin.logentry",
    "pk": 82,
    "fields": {
        "action_time": "2022-05-24T07:00:23.273Z",
        "user": [
            "admin"
        ],
        "content_type": [
            "hudba",
            "track"
        ],
        "object_id": "23",
        "object_repr": "Toxic Garbage Island",
        "action_flag": 1,
        "change_message": "[{\"added\": {}}]"
    }
},
{
    "model": "admin.logentry",
    "pk": 83,
    "fields": {
        "action_time": "2022-05-24T07:00:39.777Z",
        "user": [
            "admin"
        ],
        "content_type": [
            "hudba",
            "track"
        ],
        "object_id": "24",
        "object_repr": "A Sight to Behold",
        "action_flag": 1,
        "change_message": "[{\"added\": {}}]"
    }
},
{
    "model": "admin.logentry",
    "pk": 84,
    "fields": {
        "action_time": "2022-05-24T07:00:59.911Z",
        "user": [
            "admin"
        ],
        "content_type": [
            "hudba",
            "track"
        ],
        "object_id": "25",
        "object_repr": "Yama's Messengers",
        "action_flag": 1,
        "change_message": "[{\"added\": {}}]"
    }
},
{
    "model": "admin.logentry",
    "pk": 85,
    "fields": {
        "action_time": "2022-05-24T07:01:14.762Z",
        "user": [
            "admin"
        ],
        "content_type": [
            "hudba",
            "track"
        ],
        "object_id": "26",
        "object_repr": "The Silver Cord",
        "action_flag": 1,
        "change_message": "[{\"added\": {}}]"
    }
},
{
    "model": "admin.logentry",
    "pk": 86,
    "fields": {
        "action_time": "2022-05-24T07:01:23.291Z",
        "user": [
            "admin"
        ],
        "content_type": [
            "hudba",
            "track"
        ],
        "object_id": "27",
        "object_repr": "All the Tears",
        "action_flag": 1,
        "change_message": "[{\"added\": {}}]"
    }
},
{
    "model": "admin.logentry",
    "pk": 87,
    "fields": {
        "action_time": "2022-05-24T07:01:48.128Z",
        "user": [
            "admin"
        ],
        "content_type": [
            "hudba",
            "track"
        ],
        "object_id": "28",
        "object_repr": "Adoration for None",
        "action_flag": 1,
        "change_message": "[{\"added\": {}}]"
    }
},
{
    "model": "admin.logentry",
    "pk": 88,
    "fields": {
        "action_time": "2022-05-24T07:01:59.211Z",
        "user": [
            "admin"
        ],
        "content_type": [
            "hudba",
            "track"
        ],
        "object_id": "29",
        "object_repr": "The Art of Dying",
        "action_flag": 1,
        "change_message": "[{\"added\": {}}]"
    }
},
{
    "model": "admin.logentry",
    "pk": 89,
    "fields": {
        "action_time": "2022-05-24T07:02:10.900Z",
        "user": [
            "admin"
        ],
        "content_type": [
            "hudba",
            "track"
        ],
        "object_id": "30",
        "object_repr": "Esoteric Surgery",
        "action_flag": 1,
        "change_message": "[{\"added\": {}}]"
    }
},
{
    "model": "admin.logentry",
    "pk": 90,
    "fields": {
        "action_time": "2022-05-24T07:02:17.947Z",
        "user": [
            "admin"
        ],
        "content_type": [
            "hudba",
            "track"
        ],
        "object_id": "31",
        "object_repr": "Vacuity",
        "action_flag": 1,
        "change_message": "[{\"added\": {}}]"
    }
},
{
    "model": "admin.logentry",
    "pk": 91,
    "fields": {
        "action_time": "2022-05-24T07:02:31.708Z",
        "user": [
            "admin"
        ],
        "content_type": [
            "hudba",
            "track"
        ],
        "object_id": "32",
        "object_repr": "Wolf Down the Earth",
        "action_flag": 1,
        "change_message": "[{\"added\": {}}]"
    }
},
{
    "model": "admin.logentry",
    "pk": 92,
    "fields": {
        "action_time": "2022-05-24T07:02:43.879Z",
        "user": [
            "admin"
        ],
        "content_type": [
            "hudba",
            "track"
        ],
        "object_id": "33",
        "object_repr": "The Way of All Flesh",
        "action_flag": 1,
        "change_message": "[{\"added\": {}}]"
    }
},
{
    "model": "admin.logentry",
    "pk": 93,
    "fields": {
        "action_time": "2022-05-26T09:09:22.420Z",
        "user": [
            "admin"
        ],
        "content_type": [
            "hudba",
            "origin"
        ],
        "object_id": "5",
        "object_repr": "Los Angeles, USA",
        "action_flag": 1,
        "change_message": "[{\"added\": {}}]"
    }
},
{
    "model": "admin.logentry",
    "pk": 94,
    "fields": {
        "action_time": "2022-05-26T09:09:39.701Z",
        "user": [
            "admin"
        ],
        "content_type": [
            "hudba",
            "genre"
        ],
        "object_id": "5",
        "object_repr": "alternative metal",
        "action_flag": 1,
        "change_message": "[{\"added\": {}}]"
    }
},
{
    "model": "admin.logentry",
    "pk": 95,
    "fields": {
        "action_time": "2022-05-26T09:09:44.019Z",
        "user": [
            "admin"
        ],
        "content_type": [
            "hudba",
            "genre"
        ],
        "object_id": "6",
        "object_repr": "progressive rock",
        "action_flag": 1,
        "change_message": "[{\"added\": {}}]"
    }
},
{
    "model": "admin.logentry",
    "pk": 96,
    "fields": {
        "action_time": "2022-05-26T09:10:01.191Z",
        "user": [
            "admin"
        ],
        "content_type": [
            "hudba",
            "members"
        ],
        "object_id": "19",
        "object_repr": "Maynard James Keenan",
        "action_flag": 1,
        "change_message": "[{\"added\": {}}]"
    }
},
{
    "model": "admin.logentry",
    "pk": 97,
    "fields": {
        "action_time": "2022-05-26T09:10:15.270Z",
        "user": [
            "admin"
        ],
        "content_type": [
            "hudba",
            "members"
        ],
        "object_id": "20",
        "object_repr": "Adam Jones",
        "action_flag": 1,
        "change_message": "[{\"added\": {}}]"
    }
},
{
    "model": "admin.logentry",
    "pk": 98,
    "fields": {
        "action_time": "2022-05-26T09:10:30.087Z",
        "user": [
            "admin"
        ],
        "content_type": [
            "hudba",
            "members"
        ],
        "object_id": "21",
        "object_repr": "Danny Carey",
        "action_flag": 1,
        "change_message": "[{\"added\": {}}]"
    }
},
{
    "model": "admin.logentry",
    "pk": 99,
    "fields": {
        "action_time": "2022-05-26T09:10:53.122Z",
        "user": [
            "admin"
        ],
        "content_type": [
            "hudba",
            "members"
        ],
        "object_id": "22",
        "object_repr": "Justin Chancellor",
        "action_flag": 1,
        "change_message": "[{\"added\": {}}]"
    }
},
{
    "model": "admin.logentry",
    "pk": 100,
    "fields": {
        "action_time": "2022-05-26T09:11:28.760Z",
        "user": [
            "admin"
        ],
        "content_type": [
            "hudba",
            "label"
        ],
        "object_id": "8",
        "object_repr": "RCA",
        "action_flag": 1,
        "change_message": "[{\"added\": {}}]"
    }
},
{
    "model": "admin.logentry",
    "pk": 101,
    "fields": {
        "action_time": "2022-05-26T09:11:35.195Z",
        "user": [
            "admin"
        ],
        "content_type": [
            "hudba",
            "label"
        ],
        "object_id": "9",
        "object_repr": "Zoo",
        "action_flag": 1,
        "change_message": "[{\"added\": {}}]"
    }
},
{
    "model": "admin.logentry",
    "pk": 102,
    "fields": {
        "action_time": "2022-05-26T09:11:47.577Z",
        "user": [
            "admin"
        ],
        "content_type": [
            "hudba",
            "label"
        ],
        "object_id": "10",
        "object_repr": "Tool Dissectional",
        "action_flag": 1,
        "change_message": "[{\"added\": {}}]"
    }
},
{
    "model": "admin.logentry",
    "pk": 103,
    "fields": {
        "action_time": "2022-05-26T09:11:56.756Z",
        "user": [
            "admin"
        ],
        "content_type": [
            "hudba",
            "artist"
        ],
        "object_id": "5",
        "object_repr": "Tool",
        "action_flag": 1,
        "change_message": "[{\"added\": {}}]"
    }
},
{
    "model": "admin.logentry",
    "pk": 104,
    "fields": {
        "action_time": "2022-05-26T09:14:00.912Z",
        "user": [
            "admin"
        ],
        "content_type": [
            "hudba",
            "album"
        ],
        "object_id": "5",
        "object_repr": "Fear Inoculum",
        "action_flag": 1,
        "change_message": "[{\"added\": {}}]"
    }
},
{
    "model": "admin.logentry",
    "pk": 105,
    "fields": {
        "action_time": "2022-05-26T09:16:44.350Z",
        "user": [
            "admin"
        ],
        "content_type": [
            "hudba",
            "track"
        ],
        "object_id": "34",
        "object_repr": "Fear Inoculum",
        "action_flag": 1,
        "change_message": "[{\"added\": {}}]"
    }
},
{
    "model": "admin.logentry",
    "pk": 106,
    "fields": {
        "action_time": "2022-05-26T09:16:51.344Z",
        "user": [
            "admin"
        ],
        "content_type": [
            "hudba",
            "track"
        ],
        "object_id": "35",
        "object_repr": "Pneuma",
        "action_flag": 1,
        "change_message": "[{\"added\": {}}]"
    }
},
{
    "model": "admin.logentry",
    "pk": 107,
    "fields": {
        "action_time": "2022-05-26T09:17:01.012Z",
        "user": [
            "admin"
        ],
        "content_type": [
            "hudba",
            "track"
        ],
        "object_id": "36",
        "object_repr": "Invincible",
        "action_flag": 1,
        "change_message": "[{\"added\": {}}]"
    }
},
{
    "model": "admin.logentry",
    "pk": 108,
    "fields": {
        "action_time": "2022-05-26T09:17:16.036Z",
        "user": [
            "admin"
        ],
        "content_type": [
            "hudba",
            "track"
        ],
        "object_id": "37",
        "object_repr": "Descending",
        "action_flag": 1,
        "change_message": "[{\"added\": {}}]"
    }
},
{
    "model": "admin.logentry",
    "pk": 109,
    "fields": {
        "action_time": "2022-05-26T09:17:28.701Z",
        "user": [
            "admin"
        ],
        "content_type": [
            "hudba",
            "track"
        ],
        "object_id": "38",
        "object_repr": "Culling Voices",
        "action_flag": 1,
        "change_message": "[{\"added\": {}}]"
    }
},
{
    "model": "admin.logentry",
    "pk": 110,
    "fields": {
        "action_time": "2022-05-26T09:17:43.309Z",
        "user": [
            "admin"
        ],
        "content_type": [
            "hudba",
            "track"
        ],
        "object_id": "39",
        "object_repr": "Chocolate Chip Trip",
        "action_flag": 1,
        "change_message": "[{\"added\": {}}]"
    }
},
{
    "model": "admin.logentry",
    "pk": 111,
    "fields": {
        "action_time": "2022-05-26T09:17:50.765Z",
        "user": [
            "admin"
        ],
        "content_type": [
            "hudba",
            "track"
        ],
        "object_id": "40",
        "object_repr": "7empest",
        "action_flag": 1,
        "change_message": "[{\"added\": {}}]"
    }
},
{
    "model": "admin.logentry",
    "pk": 112,
    "fields": {
        "action_time": "2022-05-26T09:21:13.331Z",
        "user": [
            "admin"
        ],
        "content_type": [
            "hudba",
            "track"
        ],
        "object_id": "41",
        "object_repr": "Berzerker",
        "action_flag": 1,
        "change_message": "[{\"added\": {}}]"
    }
},
{
    "model": "admin.logentry",
    "pk": 113,
    "fields": {
        "action_time": "2022-05-26T09:21:24.083Z",
        "user": [
            "admin"
        ],
        "content_type": [
            "hudba",
            "track"
        ],
        "object_id": "42",
        "object_repr": "Drifts",
        "action_flag": 1,
        "change_message": "[{\"added\": {}}]"
    }
},
{
    "model": "admin.logentry",
    "pk": 114,
    "fields": {
        "action_time": "2022-05-26T09:21:32.852Z",
        "user": [
            "admin"
        ],
        "content_type": [
            "hudba",
            "track"
        ],
        "object_id": "43",
        "object_repr": "Cursing Akhenaten",
        "action_flag": 1,
        "change_message": "[{\"added\": {}}]"
    }
},
{
    "model": "admin.logentry",
    "pk": 115,
    "fields": {
        "action_time": "2022-05-26T09:21:44.604Z",
        "user": [
            "admin"
        ],
        "content_type": [
            "hudba",
            "track"
        ],
        "object_id": "44",
        "object_repr": "Rareform",
        "action_flag": 1,
        "change_message": "[{\"added\": {}}]"
    }
},
{
    "model": "admin.logentry",
    "pk": 116,
    "fields": {
        "action_time": "2022-05-26T09:21:56.121Z",
        "user": [
            "admin"
        ],
        "content_type": [
            "hudba",
            "track"
        ],
        "object_id": "45",
        "object_repr": "Aspiration",
        "action_flag": 1,
        "change_message": "[{\"added\": {}}]"
    }
},
{
    "model": "admin.logentry",
    "pk": 117,
    "fields": {
        "action_time": "2022-05-26T09:22:08.581Z",
        "user": [
            "admin"
        ],
        "content_type": [
            "hudba",
            "track"
        ],
        "object_id": "46",
        "object_repr": "The Fractal Effect",
        "action_flag": 1,
        "change_message": "[{\"added\": {}}]"
    }
},
{
    "model": "admin.logentry",
    "pk": 118,
    "fields": {
        "action_time": "2022-05-26T09:22:14.927Z",
        "user": [
            "admin"
        ],
        "content_type": [
            "hudba",
            "track"
        ],
        "object_id": "47",
        "object_repr": "Ometh",
        "action_flag": 1,
        "change_message": "[{\"added\": {}}]"
    }
},
{
    "model": "admin.logentry",
    "pk": 119,
    "fields": {
        "action_time": "2022-05-26T09:22:26.134Z",
        "user": [
            "admin"
        ],
        "content_type": [
            "hudba",
            "track"
        ],
        "object_id": "48",
        "object_repr": "A Vicious Reforming of Features",
        "action_flag": 1,
        "change_message": "[{\"added\": {}}]"
    }
},
{
    "model": "admin.logentry",
    "pk": 120,
    "fields": {
        "action_time": "2022-05-26T17:57:39.158Z",
        "user": [
            "admin"
        ],
        "content_type": [
            "hudba",
            "album"
        ],
        "object_id": "1",
        "object_repr": "Immutable",
        "action_flag": 2,
        "change_message": "[]"
    }
},
{
    "model": "admin.logentry",
    "pk": 121,
    "fields": {
        "action_time": "2022-05-26T18:05:57.129Z",
        "user": [
            "admin"
        ],
        "content_type": [
            "hudba",
            "album"
        ],
        "object_id": "5",
        "object_repr": "Fear Inoculum",
        "action_flag": 2,
        "change_message": "[{\"changed\": {\"fields\": [\"Rating\"]}}]"
    }
},
{
    "model": "admin.logentry",
    "pk": 122,
    "fields": {
        "action_time": "2022-05-26T18:06:18.596Z",
        "user": [
            "admin"
        ],
        "content_type": [
            "hudba",
            "album"
        ],
        "object_id": "2",
        "object_repr": "Rareform",
        "action_flag": 2,
        "change_message": "[{\"changed\": {\"fields\": [\"Rating\"]}}]"
    }
},
{
    "model": "admin.logentry",
    "pk": 123,
    "fields": {
        "action_time": "2022-05-26T18:06:24.050Z",
        "user": [
            "admin"
        ],
        "content_type": [
            "hudba",
            "album"
        ],
        "object_id": "3",
        "object_repr": "As Daylight Dies",
        "action_flag": 2,
        "change_message": "[{\"changed\": {\"fields\": [\"Rating\"]}}]"
    }
},
{
    "model": "admin.logentry",
    "pk": 124,
    "fields": {
        "action_time": "2022-05-26T18:10:35.616Z",
        "user": [
            "admin"
        ],
        "content_type": [
            "hudba",
            "album"
        ],
        "object_id": "3",
        "object_repr": "As Daylight Dies",
        "action_flag": 2,
        "change_message": "[{\"changed\": {\"fields\": [\"Rating\"]}}]"
    }
},
{
    "model": "admin.logentry",
    "pk": 125,
    "fields": {
        "action_time": "2022-05-26T18:10:50.781Z",
        "user": [
            "admin"
        ],
        "content_type": [
            "hudba",
            "album"
        ],
        "object_id": "2",
        "object_repr": "Rareform",
        "action_flag": 2,
        "change_message": "[{\"changed\": {\"fields\": [\"Rating\"]}}]"
    }
},
{
    "model": "admin.logentry",
    "pk": 126,
    "fields": {
        "action_time": "2022-05-26T18:11:15.033Z",
        "user": [
            "admin"
        ],
        "content_type": [
            "hudba",
            "album"
        ],
        "object_id": "4",
        "object_repr": "The Way Of All Flesh",
        "action_flag": 2,
        "change_message": "[{\"changed\": {\"fields\": [\"Rating\"]}}]"
    }
},
{
    "model": "admin.logentry",
    "pk": 127,
    "fields": {
        "action_time": "2022-05-26T18:11:22.110Z",
        "user": [
            "admin"
        ],
        "content_type": [
            "hudba",
            "album"
        ],
        "object_id": "5",
        "object_repr": "Fear Inoculum",
        "action_flag": 2,
        "change_message": "[{\"changed\": {\"fields\": [\"Rating\"]}}]"
    }
}
]
